trimestre_inicio,DRALACBS,DRCCLACBS,DRCLACBS,DRSFRMACBS,DRCRELEXFACBS,DRBLACBS,CORCCACBS,fecha_descarga
1991-01-01,6.05,5.26,4.12,3.1,11.99,6.29,4.18,2026-10-03
1991-04-01,6.11,5.48,4.21,3.17,11.83,6.41,4.6,2026-10-03
1991-07-01,5.93,5.35,4.17,3.22,11.51,6.22,4.83,2026-10-03
1991-10-01,5.78,5.32,4.1,3.28,11.41,6.03,4.59,2026-10-03
1992-01-01,5.51,5.27,3.96,3.13,10.92,5.76,4.91,2026-10-03
1992-04-01,5.37,5.1,3.84,3.06,10.49,5.49,4.78,2026-10-03
1992-07-01,5.16,4.98,3.71,2.89,10.31,5.25,4.34,2026-10-03
1992-10-01,4.8,4.69,3.55,2.79,9.7,4.76,4.47,2026-10-03
1993-01-01,4.47,4.6,3.49,2.78,8.81,4.41,4.1,2026-10-03
1993-04-01,4.16,4.46,3.39,2.67,8.25,4.01,3.95,2026-10-03
1993-07-01,3.83,4.08,3.2,2.59,7.51,3.61,3.69,2026-10-03
1993-10-01,3.36,3.91,2.98,2.44,6.69,3.05,3.34,2026-10-03
1994-01-01,3.14,3.6,2.88,2.39,6.06,2.79,3.31,2026-10-03
1994-04-01,2.86,3.29,2.76,2.26,5.44,2.4,3.02,2026-10-03
1994-07-01,2.65,3.25,2.71,2.16,4.83,2.22,2.97,2026-10-03
1994-10-01,2.51,3.29,2.74,2.06,4.31,2.18,3.08,2026-10-03
1995-01-01,2.52,3.48,2.87,2.08,4.32,2.12,2.93,2026-10-03
1995-04-01,2.49,3.7,3.0,2.12,4.07,2.1,3.27,2026-10-03
1995-07-01,2.49,3.85,3.19,2.16,3.82,2.07,3.67,2026-10-03
1995-10-01,2.46,3.95,3.3,2.17,3.4,2.07,3.93,2026-10-03
1996-01-01,2.42,4.04,3.34,2.18,3.32,2.06,4.22,2026-10-03
1996-04-01,2.46,4.27,3.49,2.26,3.18,2.06,4.45,2026-10-03
1996-07-01,2.42,4.46,3.62,2.24,3.07,2.01,4.46,2026-10-03
1996-10-01,2.39,4.6,3.69,2.33,2.84,1.95,4.65,2026-10-03
1997-01-01,2.36,4.7,3.75,2.3,2.61,1.9,4.92,2026-10-03
1997-04-01,2.3,4.73,3.76,2.28,2.37,1.81,5.38,2026-10-03
1997-07-01,2.24,4.7,3.71,2.25,2.25,1.72,5.5,2026-10-03
1997-10-01,2.23,4.81,3.75,2.21,2.21,1.7,5.4,2026-10-03
1998-01-01,2.21,4.76,3.74,2.2,2.12,1.81,5.24,2026-10-03
1998-04-01,2.16,4.76,3.77,2.13,2.02,1.73,5.2,2026-10-03
1998-07-01,2.15,4.72,3.76,2.1,1.95,1.77,5.28,2026-10-03
1998-10-01,2.17,4.74,3.72,2.03,1.99,1.87,5.08,2026-10-03
1999-01-01,2.16,4.66,3.78,1.94,1.87,1.97,4.89,2026-10-03
1999-04-01,2.13,4.58,3.62,1.88,1.82,2.0,4.32,2026-10-03
1999-07-01,2.16,4.6,3.55,2.15,1.56,2.06,4.5,2026-10-03
1999-10-01,2.02,4.55,3.51,1.99,1.45,1.99,4.49,2026-10-03
2000-01-01,2.05,4.43,3.47,1.95,1.5,2.11,4.49,2026-10-03
2000-04-01,2.12,4.51,3.53,1.98,1.43,2.24,4.09,2026-10-03
2000-07-01,2.17,4.53,3.56,2.09,1.47,2.33,4.25,2026-10-03
2000-10-01,2.31,4.57,3.63,2.22,1.51,2.52,4.39,2026-10-03
2001-01-01,2.39,4.81,3.63,2.34,1.6,2.65,4.57,2026-10-03
2001-04-01,2.53,4.94,3.68,2.41,1.72,2.94,5.22,2026-10-03
2001-07-01,2.69,5.0,3.72,2.19,1.92,3.26,5.55,2026-10-03
2001-10-01,2.68,4.69,3.64,2.26,1.93,3.48,6.35,2026-10-03
2002-01-01,2.68,4.94,3.6,2.24,1.78,3.69,7.65,2026-10-03
2002-04-01,2.68,4.78,3.51,2.16,1.76,3.92,6.19,2026-10-03
2002-07-01,2.61,4.89,3.49,2.1,1.69,3.88,6.22,2026-10-03
2002-10-01,2.52,4.84,3.45,1.99,1.61,3.88,5.54,2026-10-03
2003-01-01,2.48,4.68,3.42,1.98,1.67,3.65,5.73,2026-10-03
2003-04-01,2.37,4.53,3.31,1.83,1.61,3.56,5.96,2026-10-03
2003-07-01,2.17,4.24,3.1,1.73,1.48,3.27,5.59,2026-10-03
2003-10-01,2.1,4.43,3.28,1.77,1.4,2.85,6.01,2026-10-03
2004-01-01,1.91,4.21,3.13,1.64,1.25,2.57,5.4,2026-10-03
2004-04-01,1.81,4.15,3.1,1.6,1.26,2.3,5.27,2026-10-03
2004-07-01,1.72,4.07,3.05,1.56,1.19,2.03,4.49,2026-10-03
2004-10-01,1.62,4.03,3.03,1.41,1.1,1.82,4.68,2026-10-03
2005-01-01,1.58,3.7,2.91,1.42,1.12,1.62,4.66,2026-10-03
2005-04-01,1.56,3.67,2.85,1.55,1.05,1.5,4.25,2026-10-03
2005-07-01,1.55,3.9,2.8,1.59,1.07,1.47,4.35,2026-10-03
2005-10-01,1.53,3.54,2.69,1.64,1.03,1.44,6.09,2026-10-03
2006-01-01,1.5,3.86,2.78,1.61,1.02,1.39,3.17,2026-10-03
2006-04-01,1.51,4.13,2.92,1.62,1.02,1.3,3.43,2026-10-03
2006-07-01,1.58,4.12,2.96,1.74,1.13,1.26,3.84,2026-10-03
2006-10-01,1.69,3.95,2.94,1.92,1.32,1.15,3.7,2026-10-03
2007-01-01,1.73,3.98,2.93,2.08,1.43,1.19,4.01,2026-10-03
2007-04-01,1.86,4.02,2.99,2.29,1.63,1.19,3.73,2026-10-03
2007-07-01,2.13,4.41,3.2,2.71,1.97,1.21,3.91,2026-10-03
2007-10-01,2.47,4.6,3.4,3.1,2.75,1.3,4.32,2026-10-03
2008-01-01,2.86,4.77,3.49,3.68,3.5,1.44,4.76,2026-10-03
2008-04-01,3.3,4.9,3.56,4.37,4.16,1.77,5.26,2026-10-03
2008-07-01,3.7,4.8,3.71,5.26,4.64,1.77,5.77,2026-10-03
2008-10-01,4.7,5.64,4.27,6.6,5.48,2.54,6.53,2026-10-03
2009-01-01,5.59,6.51,4.67,7.99,6.59,3.17,7.68,2026-10-03
2009-04-01,6.33,6.77,4.85,8.58,7.85,3.78,9.31,2026-10-03
2009-07-01,6.88,6.49,4.7,9.49,8.5,4.39,10.22,2026-10-03
2009-10-01,7.25,6.33,4.59,10.41,8.72,4.27,10.54,2026-10-03
2010-01-01,7.35,5.78,4.72,11.48,8.75,3.92,10.51,2026-10-03
2010-04-01,7.16,5.1,4.25,11.08,8.76,3.64,10.43,2026-10-03
2010-07-01,6.85,4.58,4.0,10.65,8.59,3.32,8.78,2026-10-03
2010-10-01,6.34,4.14,3.63,10.33,7.95,2.96,7.91,2026-10-03
2011-01-01,6.16,3.82,3.43,10.37,7.56,2.44,6.93,2026-10-03
2011-04-01,5.93,3.65,3.27,10.55,7.09,2.12,5.31,2026-10-03
2011-07-01,5.66,3.45,3.13,10.5,6.66,1.84,5.85,2026-10-03
2011-10-01,5.42,3.25,3.07,10.25,6.11,1.64,4.63,2026-10-03
2012-01-01,5.24,3.06,2.93,10.33,5.48,1.53,4.24,2026-10-03
2012-04-01,5.09,2.92,2.84,10.45,5.0,1.4,3.95,2026-10-03
2012-07-01,5.0,2.82,2.78,10.47,4.6,1.25,3.93,2026-10-03
2012-10-01,4.62,2.71,2.63,10.03,4.13,1.18,3.84,2026-10-03
2013-01-01,4.37,2.64,2.56,9.73,3.67,1.11,3.7,2026-10-03
2013-04-01,4.11,2.53,2.48,9.31,3.28,1.04,3.47,2026-10-03
2013-07-01,3.74,2.44,2.4,8.65,2.81,0.98,3.37,2026-10-03
2013-10-01,3.49,2.38,2.37,8.29,2.47,0.89,3.37,2026-10-03
2014-01-01,3.28,2.32,2.32,7.78,2.21,0.9,3.24,2026-10-03
2014-04-01,3.06,2.26,2.27,7.43,1.95,0.8,3.31,2026-10-03
2014-07-01,2.88,2.2,2.2,7.05,1.77,0.77,3.07,2026-10-03
2014-10-01,2.68,2.15,2.09,6.52,1.57,0.72,3.01,2026-10-03
2015-01-01,2.47,2.11,2.01,6.22,1.41,0.75,2.94,2026-10-03
2015-04-01,2.37,2.12,1.98,5.81,1.28,0.81,2.91,2026-10-03
2015-07-01,2.26,2.15,2.0,5.41,1.15,0.9,2.95,2026-10-03
2015-10-01,2.17,2.16,2.01,5.12,1.06,1.02,2.94,2026-10-03
2016-01-01,2.16,2.15,1.99,4.78,0.97,1.5,3.04,2026-10-03
2016-04-01,2.13,2.21,2.05,4.58,0.92,1.6,3.01,2026-10-03
2016-07-01,2.05,2.29,2.07,4.38,0.87,1.59,3.06,2026-10-03
2016-10-01,2.01,2.37,2.16,4.14,0.85,1.58,3.49,2026-10-03
2017-01-01,1.92,2.4,2.17,3.91,0.78,1.53,3.45,2026-10-03
2017-04-01,1.83,2.49,2.22,3.68,0.77,1.35,3.5,2026-10-03
2017-07-01,1.81,2.54,2.27,3.64,0.77,1.27,3.59,2026-10-03
2017-10-01,1.77,2.48,2.25,3.57,0.75,1.18,3.7,2026-10-03
2018-01-01,1.7,2.5,2.27,3.48,0.74,1.11,3.65,2026-10-03
2018-04-01,1.64,2.5,2.25,3.22,0.72,1.08,3.61,2026-10-03
2018-07-01,1.58,2.52,2.3,2.98,0.7,0.99,3.69,2026-10-03
2018-10-01,1.51,2.54,2.34,2.83,0.71,0.94,3.67,2026-10-03
2019-01-01,1.52,2.54,2.32,2.69,0.69,1.16,3.68,2026-10-03
2019-04-01,1.49,2.59,2.35,2.6,0.67,1.07,3.63,2026-10-03
2019-07-01,1.45,2.6,2.33,2.44,0.69,1.12,3.75,2026-10-03
2019-10-01,1.41,2.61,2.35,2.34,0.67,1.09,3.78,2026-10-03
2020-01-01,1.49,2.69,2.46,2.35,0.83,1.14,3.72,2026-10-03
2020-04-01,1.53,2.45,2.0,2.54,0.92,1.28,3.78,2026-10-03
2020-07-01,1.58,1.99,1.81,2.84,1.01,1.3,3.6,2026-10-03
2020-10-01,1.57,2.1,1.94,2.75,1.15,1.24,2.68,2026-10-03
2021-01-01,1.46,1.88,1.69,2.68,1.0,1.16,2.81,2026-10-03
2021-04-01,1.35,1.59,1.53,2.47,0.93,1.06,2.38,2026-10-03
2021-07-01,1.28,1.53,1.52,2.3,0.88,1.03,1.81,2026-10-03
2021-10-01,1.25,1.57,1.55,2.29,0.78,1.12,1.63,2026-10-03
2022-01-01,1.23,1.69,1.65,2.09,0.75,1.05,1.73,2026-10-03
2022-04-01,1.22,1.83,1.8,1.96,0.72,1.03,1.86,2026-10-03
2022-07-01,1.19,2.05,1.92,1.84,0.63,1.12,2.1,2026-10-03
2022-10-01,1.19,2.26,2.07,1.79,0.69,1.02,2.51,2026-10-03
2023-01-01,1.2,2.47,2.22,1.74,0.78,0.97,2.86,2026-10-03
2023-04-01,1.25,2.75,2.37,1.72,0.85,1.0,3.23,2026-10-03
2023-07-01,1.33,2.95,2.52,1.72,1.06,0.98,3.76,2026-10-03
2023-10-01,1.37,3.1,2.62,1.7,1.16,1.02,4.18,2026-10-03
2024-01-01,1.42,3.17,2.67,1.71,1.21,1.11,4.4,2026-10-03
2024-04-01,1.48,3.22,2.72,1.73,1.42,1.15,4.56,2026-10-03
2024-07-01,1.5,3.2,2.73,1.74,1.51,1.18,4.69,2026-10-03
2024-10-01,1.5,3.08,2.76,1.77,1.56,1.27,4.57,2026-10-03
2025-01-01,1.51,3.05,2.77,1.77,1.57,1.28,4.44,2026-10-03
2025-04-01,1.49,3.04,2.75,1.78,1.57,1.29,4.19,2026-10-03
2025-07-01,1.46,2.99,2.72,1.78,1.57,1.33,4.18,2026-10-03
2025-10-01,1.46,2.95,2.63,1.79,1.58,1.34,4.09,2026-10-03
2026-01-01,1.45,2.91,2.64,1.88,1.56,1.33,3.82,2026-10-03
2026-04-01,1.42,2.85,2.62,1.86,1.53,1.27,3.82,2026-10-03
