empresa,cierre_fiscal,ingresos,utilidad_neta,activos,patrimonio,activo_corriente,pasivo_corriente,pasivo_total,moneda,margen_neto,razon_corriente
Costco,2021-08-29,195929.0,5007.0,59268.0,17564.0,29505.0,29441.0,41190.0,USD,0.025555175599324246,1.0021738392038313
Costco,2022-08-28,226954.0,5844.0,64166.0,20642.0,32696.0,,43519.0,USD,0.025749711395260715,
Costco,2023-09-03,242290.0,6292.0,68994.0,25058.0,35879.0,33583.0,43936.0,USD,0.025968880267448098,1.0683679242473871
Costco,2024-09-01,254453.0,7367.0,69831.0,23622.0,34246.0,35464.0,46209.0,USD,0.028952301603832536,0.965655312429506
Costco,2025-08-31,275235.0,8099.0,77099.0,29164.0,38380.0,37108.0,47935.0,USD,0.029425763438516175,1.0342783227336423
Target,2022-01-29,106005.0,6946.0,53811.0,12827.0,21573.0,21747.0,40984.0,USD,0.0655252110749493,0.9919988963995033
Target,2023-01-28,109120.0,2780.0,53335.0,11232.0,17846.0,19500.0,42103.0,USD,0.025476539589442817,0.9151794871794872
Target,2024-02-03,107412.0,4138.0,55356.0,13432.0,,19304.0,41924.0,USD,0.03852455963951886,
Target,2025-02-01,106566.0,4091.0,57769.0,14666.0,19454.0,20799.0,43103.0,USD,0.03838935495373759,0.9353334294918025
Target,2026-01-31,104780.0,3705.0,59490.0,16165.0,20005.0,21230.0,43325.0,USD,0.03535980148883375,0.9422986340084786
Walmart,2022-01-31,572754.0,13673.0,244860.0,83253.0,81070.0,87379.0,152969.0,USD,0.0238723780191845,0.9277972968333352
Walmart,2023-01-31,611289.0,11680.0,243197.0,76693.0,75655.0,92198.0,,USD,0.01910716535059522,0.8205709451398078
Walmart,2024-01-31,648100.0,15511.0,252399.0,83861.0,76877.0,92415.0,162050.0,USD,0.023933035025459033,0.8318671211383434
Walmart,2025-01-31,680985.0,19436.0,260823.0,91013.0,79458.0,96584.0,163402.0,USD,0.028541010448100913,0.8226828460200447
Walmart,2026-01-31,713163.0,21893.0,284668.0,99617.0,84874.0,107469.0,178781.0,USD,0.03069845182658102,0.7897533242144247
