Empresa,Fecha de cierre,Ingresos (MM USD),Utilidad Neta, Activos totales,Patrimonio,Activo Corriente,pasivo corriente,Pasivo Total,Moneda,Margen neto
walmart ,"Jan 31, 2025","$680,985","$19,436","$260,823","$91,013","$79,458","$96,584","$163,402",Dólares,0.029
WALMART,31/01/2023,611289.0,11680.0,243197.0,76693.0,75655.0,92198.0,N/A,usd,
Target,31/01/2026,"$104,780","$3,705","$59,490","$16,165","$20,005","$21,230","$43,325",USD,0.035
target corp.,"Feb 01, 2025",106566,4091,57769,14666,19454,20799,43103,Dólares,3.8%
Target Corporation,2022-01-29,"$106,005","$6,946","$53,811","$12,827","$21,573","$21,747","$40,984",USD,0.066
Costco,09/03/2023,242.290,6.292,68.994,25.058,35.879,33.583,43.936,US$,"2,6 %"
COSTCO WHOLESALE CORP /NEW,28/08/2022,"$226,954","$5,844","$64,166","$20,642","$32,696",-,"$43,519",usd,0.026
Costco Wholesale,2021-08-29,195929,5007,59268,17564,29505,29441,41190,USD,2.6%
Walmart,2026-01-31 00:00:00,713.163,21.893,284.668,99.617,84.874,107.469,178.781,USD,"3,1 %"
Walmart Inc.,2022-01-31,572.754,13.673,244.860,83.253,81.070,87.379,152.969,USD,"2,4 %"
Target,02/03/2024,107412.0,4138.0,55356.0,13432.0,,19304.0,41924.0,US$,
Wal-Mart,01/31/2024,648.1,15511,252399,83861,76877,92415,162050,US$,2.4%
costco,"Sep 01, 2024",254453.0,7367.0,698310,23622.0,34246.0,35464.0,46209.0,Dólares,
TARGET CORP,28/01/2023,109.120,2.780,53.335,11.232,17.846,19.500,42.103,usd,"2,5 %"
Target Corp,2026-01-31 00:00:00,"$104,780","$3,705","$59,490","$16,165","$20,005","$21,230","$43,325",USD,0.035
Costco Wholesale Corp.,2025-08-31 00:00:00,275235,8099,77099,29164,38380,37108,47935,USD,2.9%
Costco Wholesale Corp.,2025-08-31 00:00:00,275235,8099,77099,29164,38380,37108,47935,USD,2.9%
