empresa,ticker,cuenta,etiqueta,cierre_fiscal,valor_usd,fecha_presentacion,numero_acceso
Walmart,WMT,ingresos,Revenues,2008-01-31,377023000000,2010-03-30,0001193125-10-071652
Walmart,WMT,ingresos,Revenues,2009-01-31,404254000000,2011-03-30,0001193125-11-083157
Walmart,WMT,ingresos,Revenues,2010-01-31,408085000000,2012-03-27,0001193125-12-134679
Walmart,WMT,ingresos,Revenues,2011-01-31,421849000000,2013-03-26,0000104169-13-000011
Walmart,WMT,ingresos,Revenues,2012-01-31,446509000000,2014-03-21,0000104169-14-000019
Walmart,WMT,ingresos,Revenues,2013-01-31,468651000000,2015-04-01,0000104169-15-000011
Walmart,WMT,ingresos,Revenues,2014-01-31,476294000000,2016-03-30,0000104169-16-000079
Walmart,WMT,ingresos,Revenues,2015-01-31,485651000000,2017-03-31,0000104169-17-000021
Walmart,WMT,ingresos,Revenues,2016-01-31,482130000000,2018-03-30,0000104169-18-000028
Walmart,WMT,ingresos,Revenues,2017-01-31,485873000000,2019-03-28,0000104169-19-000016
Walmart,WMT,ingresos,Revenues,2018-01-31,500343000000,2020-03-20,0000104169-20-000011
Walmart,WMT,ingresos,Revenues,2019-01-31,514405000000,2021-03-19,0000104169-21-000033
Walmart,WMT,ingresos,Revenues,2020-01-31,523964000000,2022-03-18,0000104169-22-000012
Walmart,WMT,ingresos,Revenues,2021-01-31,559151000000,2023-03-17,0000104169-23-000020
Walmart,WMT,ingresos,Revenues,2022-01-31,572754000000,2024-03-15,0000104169-24-000056
Walmart,WMT,ingresos,Revenues,2023-01-31,611289000000,2025-03-14,0000104169-25-000021
Walmart,WMT,ingresos,Revenues,2024-01-31,648125000000,2026-03-13,0000104169-26-000055
Walmart,WMT,ingresos,Revenues,2025-01-31,680985000000,2026-03-13,0000104169-26-000055
Walmart,WMT,ingresos,Revenues,2026-01-31,713163000000,2026-03-13,0000104169-26-000055
Walmart,WMT,utilidad_neta,NetIncomeLoss,2008-01-31,12731000000,2010-03-30,0001193125-10-071652
Walmart,WMT,utilidad_neta,NetIncomeLoss,2009-01-31,13381000000,2011-03-30,0001193125-11-083157
Walmart,WMT,utilidad_neta,NetIncomeLoss,2010-01-31,14370000000,2012-03-27,0001193125-12-134679
Walmart,WMT,utilidad_neta,NetIncomeLoss,2011-01-31,16389000000,2013-03-26,0000104169-13-000011
Walmart,WMT,utilidad_neta,NetIncomeLoss,2012-01-31,15699000000,2014-03-21,0000104169-14-000019
Walmart,WMT,utilidad_neta,NetIncomeLoss,2013-01-31,16999000000,2015-04-01,0000104169-15-000011
Walmart,WMT,utilidad_neta,NetIncomeLoss,2014-01-31,16022000000,2016-03-30,0000104169-16-000079
Walmart,WMT,utilidad_neta,NetIncomeLoss,2015-01-31,16363000000,2017-03-31,0000104169-17-000021
Walmart,WMT,utilidad_neta,NetIncomeLoss,2016-01-31,14694000000,2018-03-30,0000104169-18-000028
Walmart,WMT,utilidad_neta,NetIncomeLoss,2017-01-31,13643000000,2019-03-28,0000104169-19-000016
Walmart,WMT,utilidad_neta,NetIncomeLoss,2018-01-31,9862000000,2020-03-20,0000104169-20-000011
Walmart,WMT,utilidad_neta,NetIncomeLoss,2019-01-31,6670000000,2021-03-19,0000104169-21-000033
Walmart,WMT,utilidad_neta,NetIncomeLoss,2020-01-31,14881000000,2022-03-18,0000104169-22-000012
Walmart,WMT,utilidad_neta,NetIncomeLoss,2021-01-31,13510000000,2023-03-17,0000104169-23-000020
Walmart,WMT,utilidad_neta,NetIncomeLoss,2022-01-31,13673000000,2024-03-15,0000104169-24-000056
Walmart,WMT,utilidad_neta,NetIncomeLoss,2023-01-31,11680000000,2025-03-14,0000104169-25-000021
Walmart,WMT,utilidad_neta,NetIncomeLoss,2024-01-31,15511000000,2026-03-13,0000104169-26-000055
Walmart,WMT,utilidad_neta,NetIncomeLoss,2025-01-31,19436000000,2026-03-13,0000104169-26-000055
Walmart,WMT,utilidad_neta,NetIncomeLoss,2026-01-31,21893000000,2026-03-13,0000104169-26-000055
Walmart,WMT,activos,Assets,2009-01-31,163429000000,2010-03-30,0001193125-10-071652
Walmart,WMT,activos,Assets,2010-01-31,170407000000,2011-03-30,0001193125-11-083157
Walmart,WMT,activos,Assets,2011-01-31,180782000000,2013-03-26,0000104169-13-000011
Walmart,WMT,activos,Assets,2012-01-31,193406000000,2014-03-21,0000104169-14-000019
Walmart,WMT,activos,Assets,2013-01-31,203105000000,2015-04-01,0000104169-15-000011
Walmart,WMT,activos,Assets,2014-01-31,204541000000,2016-03-30,0000104169-16-000079
Walmart,WMT,activos,Assets,2015-01-31,203490000000,2017-03-31,0000104169-17-000021
Walmart,WMT,activos,Assets,2016-01-31,199581000000,2018-03-30,0000104169-18-000028
Walmart,WMT,activos,Assets,2017-01-31,198825000000,2019-03-28,0000104169-19-000016
Walmart,WMT,activos,Assets,2018-01-31,204522000000,2020-03-20,0000104169-20-000011
Walmart,WMT,activos,Assets,2019-01-31,219295000000,2021-03-19,0000104169-21-000033
Walmart,WMT,activos,Assets,2020-01-31,236495000000,2022-03-18,0000104169-22-000012
Walmart,WMT,activos,Assets,2021-01-31,252496000000,2023-03-17,0000104169-23-000020
Walmart,WMT,activos,Assets,2022-01-31,244860000000,2024-03-15,0000104169-24-000056
Walmart,WMT,activos,Assets,2023-01-31,243197000000,2025-03-14,0000104169-25-000021
Walmart,WMT,activos,Assets,2024-01-31,252399000000,2026-03-13,0000104169-26-000055
Walmart,WMT,activos,Assets,2025-01-31,260823000000,2026-03-13,0000104169-26-000055
Walmart,WMT,activos,Assets,2026-01-31,284668000000,2026-03-13,0000104169-26-000055
Walmart,WMT,patrimonio,StockholdersEquity,2009-01-31,65285000000,2010-03-30,0001193125-10-071652
Walmart,WMT,patrimonio,StockholdersEquity,2010-01-31,70468000000,2011-03-30,0001193125-11-083157
Walmart,WMT,patrimonio,StockholdersEquity,2011-01-31,68542000000,2012-03-27,0001193125-12-134679
Walmart,WMT,patrimonio,StockholdersEquity,2012-01-31,71315000000,2013-03-26,0000104169-13-000011
Walmart,WMT,patrimonio,StockholdersEquity,2013-01-31,76343000000,2014-03-21,0000104169-14-000019
Walmart,WMT,patrimonio,StockholdersEquity,2014-01-31,76255000000,2015-04-01,0000104169-15-000011
Walmart,WMT,patrimonio,StockholdersEquity,2015-01-31,81394000000,2016-03-30,0000104169-16-000079
Walmart,WMT,patrimonio,StockholdersEquity,2016-01-31,80546000000,2017-03-31,0000104169-17-000021
Walmart,WMT,patrimonio,StockholdersEquity,2017-01-31,77798000000,2018-03-30,0000104169-18-000028
Walmart,WMT,patrimonio,StockholdersEquity,2018-01-31,77869000000,2019-03-28,0000104169-19-000016
Walmart,WMT,patrimonio,StockholdersEquity,2019-01-31,72496000000,2020-03-20,0000104169-20-000011
Walmart,WMT,patrimonio,StockholdersEquity,2020-01-31,74669000000,2021-03-19,0000104169-21-000033
Walmart,WMT,patrimonio,StockholdersEquity,2021-01-31,80925000000,2022-03-18,0000104169-22-000012
Walmart,WMT,patrimonio,StockholdersEquity,2022-01-31,83253000000,2023-03-17,0000104169-23-000020
Walmart,WMT,patrimonio,StockholdersEquity,2023-01-31,76693000000,2024-03-15,0000104169-24-000056
Walmart,WMT,patrimonio,StockholdersEquity,2024-01-31,83861000000,2025-03-14,0000104169-25-000021
Walmart,WMT,patrimonio,StockholdersEquity,2025-01-31,91013000000,2026-03-13,0000104169-26-000055
Walmart,WMT,patrimonio,StockholdersEquity,2026-01-31,99617000000,2026-03-13,0000104169-26-000055
Walmart,WMT,patrimonio_total,StockholdersEquityIncludingPortionAttributableToNoncontrollingInterest,2007-01-31,63733000000,2010-03-30,0001193125-10-071652
Walmart,WMT,patrimonio_total,StockholdersEquityIncludingPortionAttributableToNoncontrollingInterest,2008-01-31,66250000000,2011-03-30,0001193125-11-083157
Walmart,WMT,patrimonio_total,StockholdersEquityIncludingPortionAttributableToNoncontrollingInterest,2009-01-31,66763000000,2012-03-27,0001193125-12-134679
Walmart,WMT,patrimonio_total,StockholdersEquityIncludingPortionAttributableToNoncontrollingInterest,2010-01-31,72648000000,2013-03-26,0000104169-13-000011
Walmart,WMT,patrimonio_total,StockholdersEquityIncludingPortionAttributableToNoncontrollingInterest,2011-01-31,71247000000,2014-03-21,0000104169-14-000019
Walmart,WMT,patrimonio_total,StockholdersEquityIncludingPortionAttributableToNoncontrollingInterest,2012-01-31,75761000000,2015-04-01,0000104169-15-000011
Walmart,WMT,patrimonio_total,StockholdersEquityIncludingPortionAttributableToNoncontrollingInterest,2013-01-31,81738000000,2016-03-30,0000104169-16-000079
Walmart,WMT,patrimonio_total,StockholdersEquityIncludingPortionAttributableToNoncontrollingInterest,2014-01-31,81339000000,2017-03-31,0000104169-17-000021
Walmart,WMT,patrimonio_total,StockholdersEquityIncludingPortionAttributableToNoncontrollingInterest,2015-01-31,85937000000,2018-03-30,0000104169-18-000028
Walmart,WMT,patrimonio_total,StockholdersEquityIncludingPortionAttributableToNoncontrollingInterest,2016-01-31,83611000000,2019-03-28,0000104169-19-000016
Walmart,WMT,patrimonio_total,StockholdersEquityIncludingPortionAttributableToNoncontrollingInterest,2017-01-31,80535000000,2020-03-20,0000104169-20-000011
Walmart,WMT,patrimonio_total,StockholdersEquityIncludingPortionAttributableToNoncontrollingInterest,2018-01-31,80822000000,2021-03-19,0000104169-21-000033
Walmart,WMT,patrimonio_total,StockholdersEquityIncludingPortionAttributableToNoncontrollingInterest,2019-01-31,79634000000,2022-03-18,0000104169-22-000012
Walmart,WMT,patrimonio_total,StockholdersEquityIncludingPortionAttributableToNoncontrollingInterest,2020-01-31,81552000000,2023-03-17,0000104169-23-000020
Walmart,WMT,patrimonio_total,StockholdersEquityIncludingPortionAttributableToNoncontrollingInterest,2021-01-31,87531000000,2024-03-15,0000104169-24-000056
Walmart,WMT,patrimonio_total,StockholdersEquityIncludingPortionAttributableToNoncontrollingInterest,2022-01-31,91891000000,2025-03-14,0000104169-25-000021
Walmart,WMT,patrimonio_total,StockholdersEquityIncludingPortionAttributableToNoncontrollingInterest,2023-01-31,83754000000,2026-03-13,0000104169-26-000055
Walmart,WMT,patrimonio_total,StockholdersEquityIncludingPortionAttributableToNoncontrollingInterest,2024-01-31,90349000000,2026-03-13,0000104169-26-000055
Walmart,WMT,patrimonio_total,StockholdersEquityIncludingPortionAttributableToNoncontrollingInterest,2025-01-31,97421000000,2026-03-13,0000104169-26-000055
Walmart,WMT,patrimonio_total,StockholdersEquityIncludingPortionAttributableToNoncontrollingInterest,2026-01-31,105887000000,2026-03-13,0000104169-26-000055
Walmart,WMT,pasivo_y_patrimonio,LiabilitiesAndStockholdersEquity,2009-01-31,163429000000,2010-03-30,0001193125-10-071652
Walmart,WMT,pasivo_y_patrimonio,LiabilitiesAndStockholdersEquity,2010-01-31,170407000000,2011-03-30,0001193125-11-083157
Walmart,WMT,pasivo_y_patrimonio,LiabilitiesAndStockholdersEquity,2011-01-31,180782000000,2012-03-27,0001193125-12-134679
Walmart,WMT,pasivo_y_patrimonio,LiabilitiesAndStockholdersEquity,2012-01-31,193406000000,2013-03-26,0000104169-13-000011
Walmart,WMT,pasivo_y_patrimonio,LiabilitiesAndStockholdersEquity,2013-01-31,203105000000,2014-03-21,0000104169-14-000019
Walmart,WMT,pasivo_y_patrimonio,LiabilitiesAndStockholdersEquity,2014-01-31,204751000000,2015-04-01,0000104169-15-000011
Walmart,WMT,pasivo_y_patrimonio,LiabilitiesAndStockholdersEquity,2015-01-31,203490000000,2016-03-30,0000104169-16-000079
Walmart,WMT,pasivo_y_patrimonio,LiabilitiesAndStockholdersEquity,2016-01-31,199581000000,2017-03-31,0000104169-17-000021
Walmart,WMT,pasivo_y_patrimonio,LiabilitiesAndStockholdersEquity,2017-01-31,198825000000,2018-03-30,0000104169-18-000028
Walmart,WMT,pasivo_y_patrimonio,LiabilitiesAndStockholdersEquity,2018-01-31,204522000000,2019-03-28,0000104169-19-000016
Walmart,WMT,pasivo_y_patrimonio,LiabilitiesAndStockholdersEquity,2019-01-31,219295000000,2020-03-20,0000104169-20-000011
Walmart,WMT,pasivo_y_patrimonio,LiabilitiesAndStockholdersEquity,2020-01-31,236495000000,2021-03-19,0000104169-21-000033
Walmart,WMT,pasivo_y_patrimonio,LiabilitiesAndStockholdersEquity,2021-01-31,252496000000,2022-03-18,0000104169-22-000012
Walmart,WMT,pasivo_y_patrimonio,LiabilitiesAndStockholdersEquity,2022-01-31,244860000000,2023-03-17,0000104169-23-000020
Walmart,WMT,pasivo_y_patrimonio,LiabilitiesAndStockholdersEquity,2023-01-31,243197000000,2024-03-15,0000104169-24-000056
Walmart,WMT,pasivo_y_patrimonio,LiabilitiesAndStockholdersEquity,2024-01-31,252399000000,2025-03-14,0000104169-25-000021
Walmart,WMT,pasivo_y_patrimonio,LiabilitiesAndStockholdersEquity,2025-01-31,260823000000,2026-03-13,0000104169-26-000055
Walmart,WMT,pasivo_y_patrimonio,LiabilitiesAndStockholdersEquity,2026-01-31,284668000000,2026-03-13,0000104169-26-000055
Walmart,WMT,activo_corriente,AssetsCurrent,2009-01-31,48949000000,2010-03-30,0001193125-10-071652
Walmart,WMT,activo_corriente,AssetsCurrent,2010-01-31,48032000000,2011-03-30,0001193125-11-083157
Walmart,WMT,activo_corriente,AssetsCurrent,2011-01-31,52012000000,2012-03-27,0001193125-12-134679
Walmart,WMT,activo_corriente,AssetsCurrent,2012-01-31,54975000000,2013-03-26,0000104169-13-000011
Walmart,WMT,activo_corriente,AssetsCurrent,2013-01-31,59940000000,2014-03-21,0000104169-14-000019
Walmart,WMT,activo_corriente,AssetsCurrent,2014-01-31,61185000000,2015-04-01,0000104169-15-000011
Walmart,WMT,activo_corriente,AssetsCurrent,2015-01-31,63278000000,2016-03-30,0000104169-16-000079
Walmart,WMT,activo_corriente,AssetsCurrent,2016-01-31,60239000000,2017-03-31,0000104169-17-000021
Walmart,WMT,activo_corriente,AssetsCurrent,2017-01-31,57689000000,2018-03-30,0000104169-18-000028
Walmart,WMT,activo_corriente,AssetsCurrent,2018-01-31,59664000000,2019-03-28,0000104169-19-000016
Walmart,WMT,activo_corriente,AssetsCurrent,2019-01-31,61897000000,2020-03-20,0000104169-20-000011
Walmart,WMT,activo_corriente,AssetsCurrent,2020-01-31,61806000000,2021-03-19,0000104169-21-000033
Walmart,WMT,activo_corriente,AssetsCurrent,2021-01-31,90067000000,2022-03-18,0000104169-22-000012
Walmart,WMT,activo_corriente,AssetsCurrent,2022-01-31,81070000000,2023-03-17,0000104169-23-000020
Walmart,WMT,activo_corriente,AssetsCurrent,2023-01-31,75655000000,2024-03-15,0000104169-24-000056
Walmart,WMT,activo_corriente,AssetsCurrent,2024-01-31,76877000000,2025-03-14,0000104169-25-000021
Walmart,WMT,activo_corriente,AssetsCurrent,2025-01-31,79458000000,2026-03-13,0000104169-26-000055
Walmart,WMT,activo_corriente,AssetsCurrent,2026-01-31,84874000000,2026-03-13,0000104169-26-000055
Walmart,WMT,pasivo_corriente,LiabilitiesCurrent,2009-01-31,55390000000,2010-03-30,0001193125-10-071652
Walmart,WMT,pasivo_corriente,LiabilitiesCurrent,2010-01-31,55543000000,2011-03-30,0001193125-11-083157
Walmart,WMT,pasivo_corriente,LiabilitiesCurrent,2011-01-31,58603000000,2012-03-27,0001193125-12-134679
Walmart,WMT,pasivo_corriente,LiabilitiesCurrent,2012-01-31,62300000000,2013-03-26,0000104169-13-000011
Walmart,WMT,pasivo_corriente,LiabilitiesCurrent,2013-01-31,71818000000,2014-03-21,0000104169-14-000019
Walmart,WMT,pasivo_corriente,LiabilitiesCurrent,2014-01-31,69345000000,2015-04-01,0000104169-15-000011
Walmart,WMT,pasivo_corriente,LiabilitiesCurrent,2015-01-31,65253000000,2016-03-30,0000104169-16-000079
Walmart,WMT,pasivo_corriente,LiabilitiesCurrent,2016-01-31,64619000000,2017-03-31,0000104169-17-000021
Walmart,WMT,pasivo_corriente,LiabilitiesCurrent,2017-01-31,66928000000,2018-03-30,0000104169-18-000028
Walmart,WMT,pasivo_corriente,LiabilitiesCurrent,2018-01-31,78521000000,2019-03-28,0000104169-19-000016
Walmart,WMT,pasivo_corriente,LiabilitiesCurrent,2019-01-31,77477000000,2020-03-20,0000104169-20-000011
Walmart,WMT,pasivo_corriente,LiabilitiesCurrent,2020-01-31,77790000000,2021-03-19,0000104169-21-000033
Walmart,WMT,pasivo_corriente,LiabilitiesCurrent,2021-01-31,92645000000,2022-03-18,0000104169-22-000012
Walmart,WMT,pasivo_corriente,LiabilitiesCurrent,2022-01-31,87379000000,2023-03-17,0000104169-23-000020
Walmart,WMT,pasivo_corriente,LiabilitiesCurrent,2023-01-31,92198000000,2024-03-15,0000104169-24-000056
Walmart,WMT,pasivo_corriente,LiabilitiesCurrent,2024-01-31,92415000000,2025-03-14,0000104169-25-000021
Walmart,WMT,pasivo_corriente,LiabilitiesCurrent,2025-01-31,96584000000,2026-03-13,0000104169-26-000055
Walmart,WMT,pasivo_corriente,LiabilitiesCurrent,2026-01-31,107469000000,2026-03-13,0000104169-26-000055
Target,TGT,ingresos,RevenueFromContractWithCustomerExcludingAssessedTax,2017-01-28,70271000000,2019-03-13,0000027419-19-000006
Target,TGT,ingresos,RevenueFromContractWithCustomerExcludingAssessedTax,2018-02-03,72714000000,2020-03-11,0000027419-20-000008
Target,TGT,ingresos,RevenueFromContractWithCustomerExcludingAssessedTax,2019-02-02,75356000000,2021-03-10,0000027419-21-000010
Target,TGT,ingresos,RevenueFromContractWithCustomerExcludingAssessedTax,2020-02-01,78112000000,2022-03-09,0000027419-22-000007
Target,TGT,ingresos,RevenueFromContractWithCustomerExcludingAssessedTax,2021-01-30,93561000000,2023-03-08,0000027419-23-000015
Target,TGT,ingresos,RevenueFromContractWithCustomerExcludingAssessedTax,2022-01-29,106005000000,2024-03-13,0000027419-24-000032
Target,TGT,ingresos,RevenueFromContractWithCustomerExcludingAssessedTax,2023-01-28,109120000000,2025-03-12,0000027419-25-000018
Target,TGT,ingresos,RevenueFromContractWithCustomerExcludingAssessedTax,2024-02-03,107412000000,2026-03-11,0000027419-26-000016
Target,TGT,ingresos,RevenueFromContractWithCustomerExcludingAssessedTax,2025-02-01,106566000000,2026-03-11,0000027419-26-000016
Target,TGT,ingresos,RevenueFromContractWithCustomerExcludingAssessedTax,2026-01-31,104780000000,2026-03-11,0000027419-26-000016
Target,TGT,utilidad_neta,NetIncomeLoss,2021-01-30,4368000000,2023-03-08,0000027419-23-000015
Target,TGT,utilidad_neta,NetIncomeLoss,2022-01-29,6946000000,2024-03-13,0000027419-24-000032
Target,TGT,utilidad_neta,NetIncomeLoss,2023-01-28,2780000000,2025-03-12,0000027419-25-000018
Target,TGT,utilidad_neta,NetIncomeLoss,2024-02-03,4138000000,2026-03-11,0000027419-26-000016
Target,TGT,utilidad_neta,NetIncomeLoss,2025-02-01,4091000000,2026-03-11,0000027419-26-000016
Target,TGT,utilidad_neta,NetIncomeLoss,2026-01-31,3705000000,2026-03-11,0000027419-26-000016
Target,TGT,activos,Assets,2009-01-31,44106000000,2010-03-18,0001047469-10-002408
Target,TGT,activos,Assets,2010-01-30,44533000000,2011-03-11,0001047469-11-002032
Target,TGT,activos,Assets,2011-01-29,43705000000,2012-03-15,0001047469-12-002714
Target,TGT,activos,Assets,2012-01-28,46630000000,2013-03-20,0001047469-13-003100
Target,TGT,activos,Assets,2013-02-02,48163000000,2014-03-14,0000027419-14-000014
Target,TGT,activos,Assets,2014-02-01,44553000000,2015-03-13,0000027419-15-000012
Target,TGT,activos,Assets,2015-01-31,41172000000,2016-03-11,0000027419-16-000043
Target,TGT,activos,Assets,2016-01-30,40262000000,2017-03-08,0000027419-17-000008
Target,TGT,activos,Assets,2017-01-28,37431000000,2018-03-14,0000027419-18-000010
Target,TGT,activos,Assets,2018-02-03,40303000000,2019-03-13,0000027419-19-000006
Target,TGT,activos,Assets,2019-02-02,41290000000,2020-03-11,0000027419-20-000008
Target,TGT,activos,Assets,2020-02-01,42779000000,2021-03-10,0000027419-21-000010
Target,TGT,activos,Assets,2021-01-30,51248000000,2022-03-09,0000027419-22-000007
Target,TGT,activos,Assets,2022-01-29,53811000000,2023-03-08,0000027419-23-000015
Target,TGT,activos,Assets,2023-01-28,53335000000,2024-03-13,0000027419-24-000032
Target,TGT,activos,Assets,2024-02-03,55356000000,2025-03-12,0000027419-25-000018
Target,TGT,activos,Assets,2025-02-01,57769000000,2026-03-11,0000027419-26-000016
Target,TGT,activos,Assets,2026-01-31,59490000000,2026-03-11,0000027419-26-000016
Target,TGT,patrimonio,StockholdersEquity,2009-01-31,13712000000,2012-03-15,0001047469-12-002714
Target,TGT,patrimonio,StockholdersEquity,2010-01-30,15347000000,2013-03-20,0001047469-13-003100
Target,TGT,patrimonio,StockholdersEquity,2011-01-29,15487000000,2014-03-14,0000027419-14-000014
Target,TGT,patrimonio,StockholdersEquity,2012-01-28,15821000000,2015-03-13,0000027419-15-000012
Target,TGT,patrimonio,StockholdersEquity,2013-02-02,16558000000,2016-03-11,0000027419-16-000043
Target,TGT,patrimonio,StockholdersEquity,2014-02-01,16231000000,2017-03-08,0000027419-17-000008
Target,TGT,patrimonio,StockholdersEquity,2015-01-31,13997000000,2018-03-14,0000027419-18-000010
Target,TGT,patrimonio,StockholdersEquity,2016-01-30,12965000000,2019-03-13,0000027419-19-000006
Target,TGT,patrimonio,StockholdersEquity,2017-01-28,10915000000,2020-03-11,0000027419-20-000008
Target,TGT,patrimonio,StockholdersEquity,2018-02-03,11651000000,2021-03-10,0000027419-21-000010
Target,TGT,patrimonio,StockholdersEquity,2019-02-02,11297000000,2022-03-09,0000027419-22-000007
Target,TGT,patrimonio,StockholdersEquity,2020-02-01,11833000000,2023-03-08,0000027419-23-000015
Target,TGT,patrimonio,StockholdersEquity,2021-01-30,14440000000,2024-03-13,0000027419-24-000032
Target,TGT,patrimonio,StockholdersEquity,2022-01-29,12827000000,2025-03-12,0000027419-25-000018
Target,TGT,patrimonio,StockholdersEquity,2023-01-28,11232000000,2026-03-11,0000027419-26-000016
Target,TGT,patrimonio,StockholdersEquity,2024-02-03,13432000000,2026-03-11,0000027419-26-000016
Target,TGT,patrimonio,StockholdersEquity,2025-02-01,14666000000,2026-03-11,0000027419-26-000016
Target,TGT,patrimonio,StockholdersEquity,2026-01-31,16165000000,2026-03-11,0000027419-26-000016
Target,TGT,patrimonio_total,StockholdersEquity,2009-01-31,13712000000,2012-03-15,0001047469-12-002714
Target,TGT,patrimonio_total,StockholdersEquity,2010-01-30,15347000000,2013-03-20,0001047469-13-003100
Target,TGT,patrimonio_total,StockholdersEquity,2011-01-29,15487000000,2014-03-14,0000027419-14-000014
Target,TGT,patrimonio_total,StockholdersEquity,2012-01-28,15821000000,2015-03-13,0000027419-15-000012
Target,TGT,patrimonio_total,StockholdersEquity,2013-02-02,16558000000,2016-03-11,0000027419-16-000043
Target,TGT,patrimonio_total,StockholdersEquity,2014-02-01,16231000000,2017-03-08,0000027419-17-000008
Target,TGT,patrimonio_total,StockholdersEquity,2015-01-31,13997000000,2018-03-14,0000027419-18-000010
Target,TGT,patrimonio_total,StockholdersEquity,2016-01-30,12965000000,2019-03-13,0000027419-19-000006
Target,TGT,patrimonio_total,StockholdersEquity,2017-01-28,10915000000,2020-03-11,0000027419-20-000008
Target,TGT,patrimonio_total,StockholdersEquity,2018-02-03,11651000000,2021-03-10,0000027419-21-000010
Target,TGT,patrimonio_total,StockholdersEquity,2019-02-02,11297000000,2022-03-09,0000027419-22-000007
Target,TGT,patrimonio_total,StockholdersEquity,2020-02-01,11833000000,2023-03-08,0000027419-23-000015
Target,TGT,patrimonio_total,StockholdersEquity,2021-01-30,14440000000,2024-03-13,0000027419-24-000032
Target,TGT,patrimonio_total,StockholdersEquity,2022-01-29,12827000000,2025-03-12,0000027419-25-000018
Target,TGT,patrimonio_total,StockholdersEquity,2023-01-28,11232000000,2026-03-11,0000027419-26-000016
Target,TGT,patrimonio_total,StockholdersEquity,2024-02-03,13432000000,2026-03-11,0000027419-26-000016
Target,TGT,patrimonio_total,StockholdersEquity,2025-02-01,14666000000,2026-03-11,0000027419-26-000016
Target,TGT,patrimonio_total,StockholdersEquity,2026-01-31,16165000000,2026-03-11,0000027419-26-000016
Target,TGT,pasivo_y_patrimonio,LiabilitiesAndStockholdersEquity,2009-01-31,44106000000,2010-03-18,0001047469-10-002408
Target,TGT,pasivo_y_patrimonio,LiabilitiesAndStockholdersEquity,2010-01-30,44533000000,2011-03-11,0001047469-11-002032
Target,TGT,pasivo_y_patrimonio,LiabilitiesAndStockholdersEquity,2011-01-29,43705000000,2012-03-15,0001047469-12-002714
Target,TGT,pasivo_y_patrimonio,LiabilitiesAndStockholdersEquity,2012-01-28,46630000000,2013-03-20,0001047469-13-003100
Target,TGT,pasivo_y_patrimonio,LiabilitiesAndStockholdersEquity,2013-02-02,48163000000,2014-03-14,0000027419-14-000014
Target,TGT,pasivo_y_patrimonio,LiabilitiesAndStockholdersEquity,2014-02-01,44553000000,2015-03-13,0000027419-15-000012
Target,TGT,pasivo_y_patrimonio,LiabilitiesAndStockholdersEquity,2015-01-31,41172000000,2016-03-11,0000027419-16-000043
Target,TGT,pasivo_y_patrimonio,LiabilitiesAndStockholdersEquity,2016-01-30,40262000000,2017-03-08,0000027419-17-000008
Target,TGT,pasivo_y_patrimonio,LiabilitiesAndStockholdersEquity,2017-01-28,37431000000,2018-03-14,0000027419-18-000010
Target,TGT,pasivo_y_patrimonio,LiabilitiesAndStockholdersEquity,2018-02-03,40303000000,2019-03-13,0000027419-19-000006
Target,TGT,pasivo_y_patrimonio,LiabilitiesAndStockholdersEquity,2019-02-02,41290000000,2020-03-11,0000027419-20-000008
Target,TGT,pasivo_y_patrimonio,LiabilitiesAndStockholdersEquity,2020-02-01,42779000000,2021-03-10,0000027419-21-000010
Target,TGT,pasivo_y_patrimonio,LiabilitiesAndStockholdersEquity,2021-01-30,51248000000,2022-03-09,0000027419-22-000007
Target,TGT,pasivo_y_patrimonio,LiabilitiesAndStockholdersEquity,2022-01-29,53811000000,2023-03-08,0000027419-23-000015
Target,TGT,pasivo_y_patrimonio,LiabilitiesAndStockholdersEquity,2023-01-28,53335000000,2024-03-13,0000027419-24-000032
Target,TGT,pasivo_y_patrimonio,LiabilitiesAndStockholdersEquity,2024-02-03,55356000000,2025-03-12,0000027419-25-000018
Target,TGT,pasivo_y_patrimonio,LiabilitiesAndStockholdersEquity,2025-02-01,57769000000,2026-03-11,0000027419-26-000016
Target,TGT,pasivo_y_patrimonio,LiabilitiesAndStockholdersEquity,2026-01-31,59490000000,2026-03-11,0000027419-26-000016
Target,TGT,activo_corriente,AssetsCurrent,2009-01-31,17488000000,2010-03-18,0001047469-10-002408
Target,TGT,activo_corriente,AssetsCurrent,2010-01-30,18424000000,2011-03-11,0001047469-11-002032
Target,TGT,activo_corriente,AssetsCurrent,2011-01-29,17213000000,2012-03-15,0001047469-12-002714
Target,TGT,activo_corriente,AssetsCurrent,2012-01-28,16449000000,2013-03-20,0001047469-13-003100
Target,TGT,activo_corriente,AssetsCurrent,2013-02-02,16388000000,2014-03-14,0000027419-14-000014
Target,TGT,activo_corriente,AssetsCurrent,2014-02-01,11573000000,2015-03-13,0000027419-15-000012
Target,TGT,activo_corriente,AssetsCurrent,2015-01-31,13624000000,2016-03-11,0000027419-16-000043
Target,TGT,activo_corriente,AssetsCurrent,2016-01-30,14130000000,2017-03-08,0000027419-17-000008
Target,TGT,activo_corriente,AssetsCurrent,2017-01-28,11990000000,2018-03-14,0000027419-18-000010
Target,TGT,activo_corriente,AssetsCurrent,2018-02-03,12540000000,2019-03-13,0000027419-19-000006
Target,TGT,activo_corriente,AssetsCurrent,2019-02-02,12519000000,2020-03-11,0000027419-20-000008
Target,TGT,activo_corriente,AssetsCurrent,2020-02-01,12902000000,2021-03-10,0000027419-21-000010
Target,TGT,activo_corriente,AssetsCurrent,2021-01-30,20756000000,2022-03-09,0000027419-22-000007
Target,TGT,activo_corriente,AssetsCurrent,2022-01-29,21573000000,2023-03-08,0000027419-23-000015
Target,TGT,activo_corriente,AssetsCurrent,2023-01-28,17846000000,2024-03-13,0000027419-24-000032
Target,TGT,activo_corriente,AssetsCurrent,2024-02-03,17498000000,2025-03-12,0000027419-25-000018
Target,TGT,activo_corriente,AssetsCurrent,2025-02-01,19454000000,2026-03-11,0000027419-26-000016
Target,TGT,activo_corriente,AssetsCurrent,2026-01-31,20005000000,2026-03-11,0000027419-26-000016
Target,TGT,pasivo_corriente,LiabilitiesCurrent,2009-01-31,10512000000,2010-03-18,0001047469-10-002408
Target,TGT,pasivo_corriente,LiabilitiesCurrent,2010-01-30,11327000000,2011-03-11,0001047469-11-002032
Target,TGT,pasivo_corriente,LiabilitiesCurrent,2011-01-29,10070000000,2012-03-15,0001047469-12-002714
Target,TGT,pasivo_corriente,LiabilitiesCurrent,2012-01-28,14287000000,2013-03-20,0001047469-13-003100
Target,TGT,pasivo_corriente,LiabilitiesCurrent,2013-02-02,14031000000,2014-03-14,0000027419-14-000014
Target,TGT,pasivo_corriente,LiabilitiesCurrent,2014-02-01,12777000000,2015-03-13,0000027419-15-000012
Target,TGT,pasivo_corriente,LiabilitiesCurrent,2015-01-31,11736000000,2016-03-11,0000027419-16-000043
Target,TGT,pasivo_corriente,LiabilitiesCurrent,2016-01-30,12622000000,2017-03-08,0000027419-17-000008
Target,TGT,pasivo_corriente,LiabilitiesCurrent,2017-01-28,12707000000,2018-03-14,0000027419-18-000010
Target,TGT,pasivo_corriente,LiabilitiesCurrent,2018-02-03,13052000000,2019-03-13,0000027419-19-000006
Target,TGT,pasivo_corriente,LiabilitiesCurrent,2019-02-02,15014000000,2020-03-11,0000027419-20-000008
Target,TGT,pasivo_corriente,LiabilitiesCurrent,2020-02-01,14487000000,2021-03-10,0000027419-21-000010
Target,TGT,pasivo_corriente,LiabilitiesCurrent,2021-01-30,20125000000,2022-03-09,0000027419-22-000007
Target,TGT,pasivo_corriente,LiabilitiesCurrent,2022-01-29,21747000000,2023-03-08,0000027419-23-000015
Target,TGT,pasivo_corriente,LiabilitiesCurrent,2023-01-28,19500000000,2024-03-13,0000027419-24-000032
Target,TGT,pasivo_corriente,LiabilitiesCurrent,2024-02-03,19304000000,2025-03-12,0000027419-25-000018
Target,TGT,pasivo_corriente,LiabilitiesCurrent,2025-02-01,20799000000,2026-03-11,0000027419-26-000016
Target,TGT,pasivo_corriente,LiabilitiesCurrent,2026-01-31,21230000000,2026-03-11,0000027419-26-000016
Costco,COST,ingresos,Revenues,2008-08-31,72483000000,2010-10-18,0001193125-10-230379
Costco,COST,ingresos,Revenues,2009-08-30,71422000000,2011-10-14,0001193125-11-271844
Costco,COST,ingresos,Revenues,2010-08-29,77946000000,2012-10-19,0001193125-12-428890
Costco,COST,ingresos,Revenues,2011-08-28,88915000000,2013-10-16,0001445305-13-002422
Costco,COST,ingresos,Revenues,2012-09-02,99137000000,2014-10-15,0000909832-14-000021
Costco,COST,ingresos,Revenues,2013-09-01,105156000000,2015-10-14,0000909832-15-000014
Costco,COST,ingresos,Revenues,2014-08-31,112640000000,2016-10-12,0000909832-16-000032
Costco,COST,ingresos,Revenues,2015-08-30,116199000000,2017-10-18,0000909832-17-000014
Costco,COST,ingresos,Revenues,2016-08-28,118719000000,2018-10-26,0000909832-18-000013
Costco,COST,ingresos,Revenues,2017-09-03,129025000000,2019-10-11,0000909832-19-000019
Costco,COST,ingresos,Revenues,2018-09-02,141576000000,2020-10-07,0000909832-20-000017
Costco,COST,ingresos,Revenues,2019-09-01,152703000000,2021-10-06,0000909832-21-000014
Costco,COST,ingresos,Revenues,2020-08-30,166761000000,2022-10-05,0000909832-22-000021
Costco,COST,ingresos,Revenues,2021-08-29,195929000000,2023-10-11,0000909832-23-000042
Costco,COST,ingresos,Revenues,2022-08-28,226954000000,2024-10-09,0000909832-24-000049
Costco,COST,ingresos,Revenues,2023-09-03,242290000000,2025-10-08,0000909832-25-000101
Costco,COST,ingresos,Revenues,2024-09-01,254453000000,2025-10-08,0000909832-25-000101
Costco,COST,ingresos,Revenues,2025-08-31,275235000000,2025-10-08,0000909832-25-000101
Costco,COST,utilidad_neta,NetIncomeLoss,2008-08-31,1283000000,2010-10-18,0001193125-10-230379
Costco,COST,utilidad_neta,NetIncomeLoss,2009-08-30,1086000000,2011-10-14,0001193125-11-271844
Costco,COST,utilidad_neta,NetIncomeLoss,2010-08-29,1303000000,2012-10-19,0001193125-12-428890
Costco,COST,utilidad_neta,NetIncomeLoss,2011-08-28,1462000000,2013-10-16,0001445305-13-002422
Costco,COST,utilidad_neta,NetIncomeLoss,2012-09-02,1709000000,2014-10-15,0000909832-14-000021
Costco,COST,utilidad_neta,NetIncomeLoss,2013-09-01,2039000000,2015-10-14,0000909832-15-000014
Costco,COST,utilidad_neta,NetIncomeLoss,2014-08-31,2058000000,2016-10-12,0000909832-16-000032
Costco,COST,utilidad_neta,NetIncomeLoss,2015-08-30,2377000000,2017-10-18,0000909832-17-000014
Costco,COST,utilidad_neta,NetIncomeLoss,2016-08-28,2350000000,2018-10-26,0000909832-18-000013
Costco,COST,utilidad_neta,NetIncomeLoss,2017-09-03,2679000000,2019-10-11,0000909832-19-000019
Costco,COST,utilidad_neta,NetIncomeLoss,2018-09-02,3134000000,2020-10-07,0000909832-20-000017
Costco,COST,utilidad_neta,NetIncomeLoss,2019-09-01,3659000000,2021-10-06,0000909832-21-000014
Costco,COST,utilidad_neta,NetIncomeLoss,2020-08-30,4002000000,2022-10-05,0000909832-22-000021
Costco,COST,utilidad_neta,NetIncomeLoss,2021-08-29,5007000000,2023-10-11,0000909832-23-000042
Costco,COST,utilidad_neta,NetIncomeLoss,2022-08-28,5844000000,2024-10-09,0000909832-24-000049
Costco,COST,utilidad_neta,NetIncomeLoss,2023-09-03,6292000000,2025-10-08,0000909832-25-000101
Costco,COST,utilidad_neta,NetIncomeLoss,2024-09-01,7367000000,2025-10-08,0000909832-25-000101
Costco,COST,utilidad_neta,NetIncomeLoss,2025-08-31,8099000000,2025-10-08,0000909832-25-000101
Costco,COST,activos,Assets,2008-08-31,20682000000,2010-10-18,0001193125-10-230379
Costco,COST,activos,Assets,2009-08-30,21979000000,2011-10-14,0001193125-11-271844
Costco,COST,activos,Assets,2010-08-29,23815000000,2012-10-19,0001193125-12-428890
Costco,COST,activos,Assets,2011-08-28,26761000000,2013-10-16,0001445305-13-002422
Costco,COST,activos,Assets,2012-09-02,27140000000,2014-10-15,0000909832-14-000021
Costco,COST,activos,Assets,2013-09-01,30283000000,2015-10-14,0000909832-15-000014
Costco,COST,activos,Assets,2014-08-31,32662000000,2016-10-12,0000909832-16-000032
Costco,COST,activos,Assets,2015-08-30,33017000000,2017-10-18,0000909832-17-000014
Costco,COST,activos,Assets,2016-08-28,33163000000,2018-10-26,0000909832-18-000013
Costco,COST,activos,Assets,2017-09-03,36347000000,2019-10-11,0000909832-19-000019
Costco,COST,activos,Assets,2018-09-02,40830000000,2020-10-07,0000909832-20-000017
Costco,COST,activos,Assets,2019-09-01,45400000000,2021-10-06,0000909832-21-000014
Costco,COST,activos,Assets,2020-08-30,55556000000,2022-10-05,0000909832-22-000021
Costco,COST,activos,Assets,2021-08-29,59268000000,2023-10-11,0000909832-23-000042
Costco,COST,activos,Assets,2022-08-28,64166000000,2024-10-09,0000909832-24-000049
Costco,COST,activos,Assets,2023-09-03,68994000000,2025-10-08,0000909832-25-000101
Costco,COST,activos,Assets,2024-09-01,69831000000,2025-10-08,0000909832-25-000101
Costco,COST,activos,Assets,2025-08-31,77099000000,2025-10-08,0000909832-25-000101
Costco,COST,patrimonio,StockholdersEquity,2009-08-30,10024000000,2010-10-18,0001193125-10-230379
Costco,COST,patrimonio,StockholdersEquity,2010-08-29,10829000000,2011-10-14,0001193125-11-271844
Costco,COST,patrimonio,StockholdersEquity,2011-08-28,12002000000,2012-10-19,0001193125-12-428890
Costco,COST,patrimonio,StockholdersEquity,2012-09-02,12361000000,2013-10-16,0001445305-13-002422
Costco,COST,patrimonio,StockholdersEquity,2013-09-01,10833000000,2014-10-15,0000909832-14-000021
Costco,COST,patrimonio,StockholdersEquity,2014-08-31,12303000000,2015-10-14,0000909832-15-000014
Costco,COST,patrimonio,StockholdersEquity,2015-08-30,10617000000,2016-10-12,0000909832-16-000032
Costco,COST,patrimonio,StockholdersEquity,2016-08-28,12079000000,2017-10-18,0000909832-17-000014
Costco,COST,patrimonio,StockholdersEquity,2017-09-03,10778000000,2018-10-26,0000909832-18-000013
Costco,COST,patrimonio,StockholdersEquity,2018-09-02,12799000000,2019-10-11,0000909832-19-000019
Costco,COST,patrimonio,StockholdersEquity,2019-09-01,15243000000,2020-10-07,0000909832-20-000017
Costco,COST,patrimonio,StockholdersEquity,2020-08-30,18284000000,2021-10-06,0000909832-21-000014
Costco,COST,patrimonio,StockholdersEquity,2021-08-29,17564000000,2022-10-05,0000909832-22-000021
Costco,COST,patrimonio,StockholdersEquity,2022-08-28,20642000000,2023-10-11,0000909832-23-000042
Costco,COST,patrimonio,StockholdersEquity,2023-09-03,25058000000,2024-10-09,0000909832-24-000049
Costco,COST,patrimonio,StockholdersEquity,2024-09-01,23622000000,2025-10-08,0000909832-25-000101
Costco,COST,patrimonio,StockholdersEquity,2025-08-31,29164000000,2025-10-08,0000909832-25-000101
Costco,COST,patrimonio_total,StockholdersEquityIncludingPortionAttributableToNoncontrollingInterest,2007-09-02,8687000000,2010-10-18,0001193125-10-230379
Costco,COST,patrimonio_total,StockholdersEquityIncludingPortionAttributableToNoncontrollingInterest,2008-08-31,9274000000,2011-10-14,0001193125-11-271844
Costco,COST,patrimonio_total,StockholdersEquityIncludingPortionAttributableToNoncontrollingInterest,2009-08-30,10104000000,2012-10-19,0001193125-12-428890
Costco,COST,patrimonio_total,StockholdersEquityIncludingPortionAttributableToNoncontrollingInterest,2010-08-29,10930000000,2013-10-16,0001445305-13-002422
Costco,COST,patrimonio_total,StockholdersEquityIncludingPortionAttributableToNoncontrollingInterest,2011-08-28,12573000000,2014-10-15,0000909832-14-000021
Costco,COST,patrimonio_total,StockholdersEquityIncludingPortionAttributableToNoncontrollingInterest,2012-09-02,12518000000,2015-10-14,0000909832-15-000014
Costco,COST,patrimonio_total,StockholdersEquityIncludingPortionAttributableToNoncontrollingInterest,2013-09-01,11012000000,2016-10-12,0000909832-16-000032
Costco,COST,patrimonio_total,StockholdersEquityIncludingPortionAttributableToNoncontrollingInterest,2014-08-31,12515000000,2017-10-18,0000909832-17-000014
Costco,COST,patrimonio_total,StockholdersEquityIncludingPortionAttributableToNoncontrollingInterest,2015-08-30,10843000000,2018-10-26,0000909832-18-000013
Costco,COST,patrimonio_total,StockholdersEquityIncludingPortionAttributableToNoncontrollingInterest,2016-08-28,12332000000,2019-10-11,0000909832-19-000019
Costco,COST,patrimonio_total,StockholdersEquityIncludingPortionAttributableToNoncontrollingInterest,2017-09-03,11079000000,2020-10-07,0000909832-20-000017
Costco,COST,patrimonio_total,StockholdersEquityIncludingPortionAttributableToNoncontrollingInterest,2018-09-02,13103000000,2021-10-06,0000909832-21-000014
Costco,COST,patrimonio_total,StockholdersEquityIncludingPortionAttributableToNoncontrollingInterest,2019-09-01,15584000000,2022-10-05,0000909832-22-000021
Costco,COST,patrimonio_total,StockholdersEquityIncludingPortionAttributableToNoncontrollingInterest,2020-08-30,18705000000,2023-10-11,0000909832-23-000042
Costco,COST,patrimonio_total,StockholdersEquityIncludingPortionAttributableToNoncontrollingInterest,2021-08-29,18078000000,2024-10-09,0000909832-24-000049
Costco,COST,patrimonio_total,StockholdersEquityIncludingPortionAttributableToNoncontrollingInterest,2022-08-28,20647000000,2025-10-08,0000909832-25-000101
Costco,COST,patrimonio_total,StockholdersEquityIncludingPortionAttributableToNoncontrollingInterest,2023-09-03,25058000000,2025-10-08,0000909832-25-000101
Costco,COST,patrimonio_total,StockholdersEquityIncludingPortionAttributableToNoncontrollingInterest,2024-09-01,23622000000,2025-10-08,0000909832-25-000101
Costco,COST,patrimonio_total,StockholdersEquityIncludingPortionAttributableToNoncontrollingInterest,2025-08-31,29164000000,2025-10-08,0000909832-25-000101
Costco,COST,pasivo_y_patrimonio,LiabilitiesAndStockholdersEquity,2009-08-30,21979000000,2010-10-18,0001193125-10-230379
Costco,COST,pasivo_y_patrimonio,LiabilitiesAndStockholdersEquity,2010-08-29,23815000000,2011-10-14,0001193125-11-271844
Costco,COST,pasivo_y_patrimonio,LiabilitiesAndStockholdersEquity,2011-08-28,26761000000,2012-10-19,0001193125-12-428890
Costco,COST,pasivo_y_patrimonio,LiabilitiesAndStockholdersEquity,2012-09-02,27140000000,2013-10-16,0001445305-13-002422
Costco,COST,pasivo_y_patrimonio,LiabilitiesAndStockholdersEquity,2013-09-01,30283000000,2014-10-15,0000909832-14-000021
Costco,COST,pasivo_y_patrimonio,LiabilitiesAndStockholdersEquity,2014-08-31,33024000000,2015-10-14,0000909832-15-000014
Costco,COST,pasivo_y_patrimonio,LiabilitiesAndStockholdersEquity,2015-08-30,33017000000,2016-10-12,0000909832-16-000032
Costco,COST,pasivo_y_patrimonio,LiabilitiesAndStockholdersEquity,2016-08-28,33163000000,2017-10-18,0000909832-17-000014
Costco,COST,pasivo_y_patrimonio,LiabilitiesAndStockholdersEquity,2017-09-03,36347000000,2018-10-26,0000909832-18-000013
Costco,COST,pasivo_y_patrimonio,LiabilitiesAndStockholdersEquity,2018-09-02,40830000000,2019-10-11,0000909832-19-000019
Costco,COST,pasivo_y_patrimonio,LiabilitiesAndStockholdersEquity,2019-09-01,45400000000,2020-10-07,0000909832-20-000017
Costco,COST,pasivo_y_patrimonio,LiabilitiesAndStockholdersEquity,2020-08-30,55556000000,2021-10-06,0000909832-21-000014
Costco,COST,pasivo_y_patrimonio,LiabilitiesAndStockholdersEquity,2021-08-29,59268000000,2022-10-05,0000909832-22-000021
Costco,COST,pasivo_y_patrimonio,LiabilitiesAndStockholdersEquity,2022-08-28,64166000000,2023-10-11,0000909832-23-000042
Costco,COST,pasivo_y_patrimonio,LiabilitiesAndStockholdersEquity,2023-09-03,68994000000,2024-10-09,0000909832-24-000049
Costco,COST,pasivo_y_patrimonio,LiabilitiesAndStockholdersEquity,2024-09-01,69831000000,2025-10-08,0000909832-25-000101
Costco,COST,pasivo_y_patrimonio,LiabilitiesAndStockholdersEquity,2025-08-31,77099000000,2025-10-08,0000909832-25-000101
Costco,COST,activo_corriente,AssetsCurrent,2009-08-30,10337000000,2010-10-18,0001193125-10-230379
Costco,COST,activo_corriente,AssetsCurrent,2010-08-29,11708000000,2011-10-14,0001193125-11-271844
Costco,COST,activo_corriente,AssetsCurrent,2011-08-28,13706000000,2012-10-19,0001193125-12-428890
Costco,COST,activo_corriente,AssetsCurrent,2012-09-02,13526000000,2013-10-16,0001445305-13-002422
Costco,COST,activo_corriente,AssetsCurrent,2013-09-01,15840000000,2014-10-15,0000909832-14-000021
Costco,COST,activo_corriente,AssetsCurrent,2014-08-31,17588000000,2015-10-14,0000909832-15-000014
Costco,COST,activo_corriente,AssetsCurrent,2015-08-30,16779000000,2016-10-12,0000909832-16-000032
Costco,COST,activo_corriente,AssetsCurrent,2016-08-28,15218000000,2017-10-18,0000909832-17-000014
Costco,COST,activo_corriente,AssetsCurrent,2017-09-03,17317000000,2018-10-26,0000909832-18-000013
Costco,COST,activo_corriente,AssetsCurrent,2018-09-02,20289000000,2019-10-11,0000909832-19-000019
Costco,COST,activo_corriente,AssetsCurrent,2019-09-01,23485000000,2020-10-07,0000909832-20-000017
Costco,COST,activo_corriente,AssetsCurrent,2020-08-30,28120000000,2021-10-06,0000909832-21-000014
Costco,COST,activo_corriente,AssetsCurrent,2021-08-29,29505000000,2022-10-05,0000909832-22-000021
Costco,COST,activo_corriente,AssetsCurrent,2022-08-28,32696000000,2023-10-11,0000909832-23-000042
Costco,COST,activo_corriente,AssetsCurrent,2023-09-03,35879000000,2024-10-09,0000909832-24-000049
Costco,COST,activo_corriente,AssetsCurrent,2024-09-01,34246000000,2025-10-08,0000909832-25-000101
Costco,COST,activo_corriente,AssetsCurrent,2025-08-31,38380000000,2025-10-08,0000909832-25-000101
Costco,COST,pasivo_corriente,LiabilitiesCurrent,2009-08-30,9281000000,2010-10-18,0001193125-10-230379
Costco,COST,pasivo_corriente,LiabilitiesCurrent,2010-08-29,10063000000,2011-10-14,0001193125-11-271844
Costco,COST,pasivo_corriente,LiabilitiesCurrent,2011-08-28,12050000000,2012-10-19,0001193125-12-428890
Costco,COST,pasivo_corriente,LiabilitiesCurrent,2012-09-02,12260000000,2013-10-16,0001445305-13-002422
Costco,COST,pasivo_corriente,LiabilitiesCurrent,2013-09-01,13257000000,2014-10-15,0000909832-14-000021
Costco,COST,pasivo_corriente,LiabilitiesCurrent,2014-08-31,14412000000,2015-10-14,0000909832-15-000014
Costco,COST,pasivo_corriente,LiabilitiesCurrent,2015-08-30,16539000000,2016-10-12,0000909832-16-000032
Costco,COST,pasivo_corriente,LiabilitiesCurrent,2016-08-28,15575000000,2017-10-18,0000909832-17-000014
Costco,COST,pasivo_corriente,LiabilitiesCurrent,2017-09-03,17495000000,2018-10-26,0000909832-18-000013
Costco,COST,pasivo_corriente,LiabilitiesCurrent,2018-09-02,19926000000,2019-10-11,0000909832-19-000019
Costco,COST,pasivo_corriente,LiabilitiesCurrent,2019-09-01,23237000000,2020-10-07,0000909832-20-000017
Costco,COST,pasivo_corriente,LiabilitiesCurrent,2020-08-30,24844000000,2021-10-06,0000909832-21-000014
Costco,COST,pasivo_corriente,LiabilitiesCurrent,2021-08-29,29441000000,2022-10-05,0000909832-22-000021
Costco,COST,pasivo_corriente,LiabilitiesCurrent,2022-08-28,31998000000,2023-10-11,0000909832-23-000042
Costco,COST,pasivo_corriente,LiabilitiesCurrent,2023-09-03,33583000000,2024-10-09,0000909832-24-000049
Costco,COST,pasivo_corriente,LiabilitiesCurrent,2024-09-01,35464000000,2025-10-08,0000909832-25-000101
Costco,COST,pasivo_corriente,LiabilitiesCurrent,2025-08-31,37108000000,2025-10-08,0000909832-25-000101
