Cifra en el resumen,Tipo,¿Está en el 10-K?,Fragmento del 10-K
"2,9 %",porcentaje,sí,"…sted diluted earnings per share were $6.02. • Total revenue increased 2.9 percent, reflecting total sales growt…"
109.120 millones,monto,sí,"…0 2.8 % 13.2 % Other revenue 1,532 1,394 1,161 9.8 20.2 Total revenue 109,120 106,005 93,561 2.9 13.3 Cost …"
"57,0 %",porcentaje,sí,…d sales increased 1.5 percent. • Operating income of $3.8 billion was 57.0 percent lower than the comparable pri…
3.848 millones,monto,sí,"…cluded in cost of sales) 2,385 2,344 2,230 1.8 5.1 Operating income $ 3,848 $ 8,946 $ 6,539 (57.0) % 36.8…"
"60,0 %",porcentaje,sí,"…2 2021 2020 2022/2021 2021/2020 Net earnings $ 2,780 $ 6,946 $ 4,368 (60.0) % 59.0 % + Provision for income…"
6.946,monto,sí,"…n millions) 2022 2021 2020 2022/2021 2021/2020 Net earnings $ 2,780 $ 6,946 $ 4,368 (60.0) % 59.0 % + Pro…"
2.780 millones,monto,sí,"…ollars in millions) 2022 2021 2020 2022/2021 2021/2020 Net earnings $ 2,780 $ 6,946 $ 4,368 (60.0) % 59.0…"
"6,6 %",porcentaje,NO,
"2,5 %",porcentaje,NO,
"28,3 %",porcentaje,sí,…(57.0) % 36.8 % Rate Analysis 2022 2021 2020 Gross margin rate 23.6 % 28.3 % 28.4 % SG&A expense rate 18.9…
"23,6 %",porcentaje,sí,"… 6,539 (57.0) % 36.8 % Rate Analysis 2022 2021 2020 Gross margin rate 23.6 % 28.3 % 28.4 % SG&A expense ra…"
"18,9 %",porcentaje,sí,…22 2021 2020 Gross margin rate 23.6 % 28.3 % 28.4 % SG&A expense rate 18.9 18.6 19.9 Depreciation and am…
"18,6 %",porcentaje,sí,…21 2020 Gross margin rate 23.6 % 28.3 % 28.4 % SG&A expense rate 18.9 18.6 19.9 Depreciation and amortiz…
8.600,monto,sí,"…lion for 2022, a decrease of $(4.6) billion, or (53.4) percent, from $8.6 billion for 2021. The drivers of the …"
4.000 millones,monto,sí,"…illion, or 2.8 percent, from the prior year. Operating cash flow was $4.0 billion for 2022, a decrease of $(4.6…"
"33,1 %",porcentaje,sí,"…nded January 28, 2023, after-tax ROIC was 12.6 percent, compared with 33.1 percent for the trailing twelve month…"
"12,6 %",porcentaje,sí,"…the trailing twelve months ended January 28, 2023, after-tax ROIC was 12.6 percent, compared with 33.1 percent f…"
"25,3 %",porcentaje,sí,"…2 and $1.5 billion ($3.16 per share) in 2021, a per share increase of 25.3 percent. We declared dividends totali…"
