empresa,cierre_fiscal,ingresos,utilidad_neta,activos,patrimonio,pasivo_total,activo_corriente,pasivo_corriente,margen_neto,roa,roe,razon_corriente,pasivo_patrimonio
Costco,2021-08-29,195929000000.0,5007000000.0,59268000000.0,17564000000.0,41190000000.0,29505000000.0,29441000000.0,0.025555175599324246,0.08721173273880026,0.2793461280964071,1.0021738392038313,2.2784600066379026
Costco,2022-08-28,226954000000.0,5844000000.0,64166000000.0,20642000000.0,43519000000.0,32696000000.0,31998000000.0,0.025749711395260715,0.09469027982565581,0.30592053604145947,1.0218138633664604,2.1077638397830194
Costco,2023-09-03,242290000000.0,6292000000.0,68994000000.0,25058000000.0,43936000000.0,35879000000.0,33583000000.0,0.025968880267448098,0.09450285370982277,0.27536105032822755,1.0683679242473871,1.7533721765504031
Costco,2024-09-01,254453000000.0,7367000000.0,69831000000.0,23622000000.0,46209000000.0,34246000000.0,35464000000.0,0.028952301603832536,0.10613362146587431,0.302670501232539,0.965655312429506,1.9561849123698247
Costco,2025-08-31,275235000000.0,8099000000.0,77099000000.0,29164000000.0,47935000000.0,38380000000.0,37108000000.0,0.029425763438516175,0.11024297284421153,0.3068616678664797,1.0342783227336423,1.6436359895761898
Target,2022-01-29,106005000000.0,6946000000.0,53811000000.0,12827000000.0,40984000000.0,21573000000.0,21747000000.0,0.0655252110749493,0.1322304609790689,0.5094803242014156,0.9919988963995033,3.195135261557652
Target,2023-01-28,109120000000.0,2780000000.0,53335000000.0,11232000000.0,42103000000.0,17846000000.0,19500000000.0,0.025476539589442817,0.05189181117353891,0.23109854939939317,0.9151794871794872,3.748486467236467
Target,2024-02-03,107412000000.0,4138000000.0,55356000000.0,13432000000.0,41924000000.0,17498000000.0,19304000000.0,0.03852455963951886,0.0761424588972408,0.3355497891663964,0.9064442602569416,3.121203097081596
Target,2025-02-01,106566000000.0,4091000000.0,57769000000.0,14666000000.0,43103000000.0,19454000000.0,20799000000.0,0.03838935495373759,0.07232707182320441,0.2911951028542957,0.9353334294918025,2.9389744988408566
Target,2026-01-31,104780000000.0,3705000000.0,59490000000.0,16165000000.0,43325000000.0,20005000000.0,21230000000.0,0.03535980148883375,0.0631934435736276,0.24034251240634427,0.9422986340084786,2.6801732137333745
Walmart,2022-01-31,572754000000.0,13673000000.0,244860000000.0,83253000000.0,152969000000.0,81070000000.0,87379000000.0,0.0238723780191845,0.054982748775524976,0.166563120515538,0.9277972968333352,1.6646788042354528
Walmart,2023-01-31,611289000000.0,11680000000.0,243197000000.0,76693000000.0,159443000000.0,75655000000.0,92198000000.0,0.01910716535059522,0.04786326187310089,0.14604929163592711,0.8205709451398078,1.903706091649354
Walmart,2024-01-31,648125000000.0,15511000000.0,252399000000.0,83861000000.0,162050000000.0,76877000000.0,92415000000.0,0.023932111861137896,0.06259533975254038,0.1932184810095046,0.8318671211383434,1.793600371891222
Walmart,2025-01-31,680985000000.0,19436000000.0,260823000000.0,91013000000.0,163402000000.0,79458000000.0,96584000000.0,0.028541010448100913,0.07574110229101637,0.222285760032938,0.8226828460200447,1.6772769731372086
Walmart,2026-01-31,713163000000.0,21893000000.0,284668000000.0,99617000000.0,178781000000.0,84874000000.0,107469000000.0,0.03069845182658102,0.08026896869059251,0.22969102449771808,0.7897533242144247,1.6884131196464156
